n_estimators,lr,max_depth,train acc,val acc
10.0,0.5,5.0,0.5823306329918195,0.5670121515368121
